id,race,count,area_id,created_at,updated_at
1,Asian,3501,435,2019-01-09T04:42:13.931561Z,2019-01-09T04:42:13.960803Z
2,Black,13320,435,2019-01-09T04:42:13.931561Z,2019-01-09T04:42:13.960803Z
3,Hispanic,13135,435,2019-01-09T04:42:13.931561Z,2019-01-09T04:42:13.960803Z
4,White,22769,435,2019-01-09T04:42:13.931561Z,2019-01-09T04:42:13.960803Z
5,Other,1677,435,2019-01-09T04:42:13.931561Z,2019-01-09T04:42:13.960803Z
6,Asian,16868,445,2019-01-09T04:42:13.931561Z,2019-01-09T04:42:13.960803Z
7,Black,8110,445,2019-01-09T04:42:13.931561Z,2019-01-09T04:42:13.960803Z
8,Hispanic,12672,445,2019-01-09T04:42:13.931561Z,2019-01-09T04:42:13.960803Z
9,White,31978,445,2019-01-09T04:42:13.931561Z,2019-01-09T04:42:13.960803Z
10,Other,2583,445,2019-01-09T04:42:13.931561Z,2019-01-09T04:42:13.960803Z
11,Asian,4854,456,2019-01-09T04:42:13.931561Z,2019-01-09T04:42:13.960803Z
12,Black,11445,456,2019-01-09T04:42:13.931561Z,2019-01-09T04:42:13.960803Z
13,Hispanic,6402,456,2019-01-09T04:42:13.931561Z,2019-01-09T04:42:13.960803Z
14,White,30371,456,2019-01-09T04:42:13.931561Z,2019-01-09T04:42:13.960803Z
15,Other,2065,456,2019-01-09T04:42:13.931561Z,2019-01-09T04:42:13.960803Z
16,Asian,4480,431,2019-01-09T04:42:13.931561Z,2019-01-09T04:42:13.960803Z
17,Black,1398,431,2019-01-09T04:42:13.931561Z,2019-01-09T04:42:13.960803Z
18,Hispanic,7184,431,2019-01-09T04:42:13.931561Z,2019-01-09T04:42:13.960803Z
19,White,26405,431,2019-01-09T04:42:13.931561Z,2019-01-09T04:42:13.960803Z
20,Other,1294,431,2019-01-09T04:42:13.931561Z,2019-01-09T04:42:13.960803Z
21,Asian,1493,471,2019-01-09T04:42:13.931561Z,2019-01-09T04:42:13.960803Z
22,Black,674,471,2019-01-09T04:42:13.931561Z,2019-01-09T04:42:13.960803Z
23,Hispanic,4987,471,2019-01-09T04:42:13.931561Z,2019-01-09T04:42:13.960803Z
24,White,26322,471,2019-01-09T04:42:13.931561Z,2019-01-09T04:42:13.960803Z
25,Other,1147,471,2019-01-09T04:42:13.931561Z,2019-01-09T04:42:13.960803Z
26,Asian,6764,482,2019-01-09T04:42:13.931561Z,2019-01-09T04:42:13.960803Z
27,Black,3428,482,2019-01-09T04:42:13.931561Z,2019-01-09T04:42:13.960803Z
28,Hispanic,7125,482,2019-01-09T04:42:13.931561Z,2019-01-09T04:42:13.960803Z
29,White,78186,482,2019-01-09T04:42:13.931561Z,2019-01-09T04:42:13.960803Z
30,Other,2709,482,2019-01-09T04:42:13.931561Z,2019-01-09T04:42:13.960803Z
31,Asian,3806,493,2019-01-09T04:42:13.931561Z,2019-01-09T04:42:13.960803Z
32,Black,3204,493,2019-01-09T04:42:13.931561Z,2019-01-09T04:42:13.960803Z
33,Hispanic,4418,493,2019-01-09T04:42:13.931561Z,2019-01-09T04:42:13.960803Z
34,White,53676,493,2019-01-09T04:42:13.931561Z,2019-01-09T04:42:13.960803Z
35,Other,1855,493,2019-01-09T04:42:13.931561Z,2019-01-09T04:42:13.960803Z
36,Asian,9723,462,2019-01-09T04:42:13.931561Z,2019-01-09T04:42:13.960803Z
37,Black,7910,462,2019-01-09T04:42:13.931561Z,2019-01-09T04:42:13.960803Z
38,Hispanic,4530,462,2019-01-09T04:42:13.931561Z,2019-01-09T04:42:13.960803Z
39,White,61334,462,2019-01-09T04:42:13.931561Z,2019-01-09T04:42:13.960803Z
40,Other,2214,462,2019-01-09T04:42:13.931561Z,2019-01-09T04:42:13.960803Z
41,Asian,167,502,2019-01-09T04:42:13.931561Z,2019-01-09T04:42:13.960803Z
42,Black,120,502,2019-01-09T04:42:13.931561Z,2019-01-09T04:42:13.960803Z
43,Hispanic,1063,502,2019-01-09T04:42:13.931561Z,2019-01-09T04:42:13.960803Z
44,White,9926,502,2019-01-09T04:42:13.931561Z,2019-01-09T04:42:13.960803Z
45,Other,80,502,2019-01-09T04:42:13.931561Z,2019-01-09T04:42:13.960803Z
46,Asian,1513,461,2019-01-09T04:42:13.931561Z,2019-01-09T04:42:13.960803Z
47,Black,335,461,2019-01-09T04:42:13.931561Z,2019-01-09T04:42:13.960803Z
48,Hispanic,4272,461,2019-01-09T04:42:13.931561Z,2019-01-09T04:42:13.960803Z
49,White,29164,461,2019-01-09T04:42:13.931561Z,2019-01-09T04:42:13.960803Z
50,Other,799,461,2019-01-09T04:42:13.931561Z,2019-01-09T04:42:13.960803Z
51,Asian,2444,436,2019-01-09T04:42:13.931561Z,2019-01-09T04:42:13.960803Z
52,Black,250,436,2019-01-09T04:42:13.931561Z,2019-01-09T04:42:13.960803Z
53,Hispanic,6218,436,2019-01-09T04:42:13.931561Z,2019-01-09T04:42:13.960803Z
54,White,17761,436,2019-01-09T04:42:13.931561Z,2019-01-09T04:42:13.960803Z
55,Other,591,436,2019-01-09T04:42:13.931561Z,2019-01-09T04:42:13.960803Z
56,Asian,2470,437,2019-01-09T04:42:13.931561Z,2019-01-09T04:42:13.960803Z
57,Black,177,437,2019-01-09T04:42:13.931561Z,2019-01-09T04:42:13.960803Z
58,Hispanic,2204,437,2019-01-09T04:42:13.931561Z,2019-01-09T04:42:13.960803Z
59,White,13242,437,2019-01-09T04:42:13.931561Z,2019-01-09T04:42:13.960803Z
60,Other,344,437,2019-01-09T04:42:13.931561Z,2019-01-09T04:42:13.960803Z
61,Asian,4541,438,2019-01-09T04:42:13.931561Z,2019-01-09T04:42:13.960803Z
62,Black,473,438,2019-01-09T04:42:13.931561Z,2019-01-09T04:42:13.960803Z
63,Hispanic,3632,438,2019-01-09T04:42:13.931561Z,2019-01-09T04:42:13.960803Z
64,White,9358,438,2019-01-09T04:42:13.931561Z,2019-01-09T04:42:13.960803Z
65,Other,438,438,2019-01-09T04:42:13.931561Z,2019-01-09T04:42:13.960803Z
66,Asian,8275,439,2019-01-09T04:42:13.931561Z,2019-01-09T04:42:13.960803Z
67,Black,2215,439,2019-01-09T04:42:13.931561Z,2019-01-09T04:42:13.960803Z
68,Hispanic,25003,439,2019-01-09T04:42:13.931561Z,2019-01-09T04:42:13.960803Z
69,White,15349,439,2019-01-09T04:42:13.931561Z,2019-01-09T04:42:13.960803Z
70,Other,1237,439,2019-01-09T04:42:13.931561Z,2019-01-09T04:42:13.960803Z
71,Asian,2918,440,2019-01-09T04:42:13.931561Z,2019-01-09T04:42:13.960803Z
72,Black,812,440,2019-01-09T04:42:13.931561Z,2019-01-09T04:42:13.960803Z
73,Hispanic,27108,440,2019-01-09T04:42:13.931561Z,2019-01-09T04:42:13.960803Z
74,White,32643,440,2019-01-09T04:42:13.931561Z,2019-01-09T04:42:13.960803Z
75,Other,1365,440,2019-01-09T04:42:13.931561Z,2019-01-09T04:42:13.960803Z
76,Asian,4641,441,2019-01-09T04:42:13.931561Z,2019-01-09T04:42:13.960803Z
77,Black,1271,441,2019-01-09T04:42:13.931561Z,2019-01-09T04:42:13.960803Z
78,Hispanic,26359,441,2019-01-09T04:42:13.931561Z,2019-01-09T04:42:13.960803Z
79,White,22650,441,2019-01-09T04:42:13.931561Z,2019-01-09T04:42:13.960803Z
80,Other,1599,441,2019-01-09T04:42:13.931561Z,2019-01-09T04:42:13.960803Z
81,Asian,1800,442,2019-01-09T04:42:13.931561Z,2019-01-09T04:42:13.960803Z
82,Black,1035,442,2019-01-09T04:42:13.931561Z,2019-01-09T04:42:13.960803Z
83,Hispanic,11448,442,2019-01-09T04:42:13.931561Z,2019-01-09T04:42:13.960803Z
84,White,28340,442,2019-01-09T04:42:13.931561Z,2019-01-09T04:42:13.960803Z
85,Other,402,442,2019-01-09T04:42:13.931561Z,2019-01-09T04:42:13.960803Z
86,Asian,611,443,2019-01-09T04:42:13.931561Z,2019-01-09T04:42:13.960803Z
87,Black,575,443,2019-01-09T04:42:13.931561Z,2019-01-09T04:42:13.960803Z
88,Hispanic,8092,443,2019-01-09T04:42:13.931561Z,2019-01-09T04:42:13.960803Z
89,White,3615,443,2019-01-09T04:42:13.931561Z,2019-01-09T04:42:13.960803Z
90,Other,80,443,2019-01-09T04:42:13.931561Z,2019-01-09T04:42:13.960803Z
91,Asian,1187,444,2019-01-09T04:42:13.931561Z,2019-01-09T04:42:13.960803Z
92,Black,2485,444,2019-01-09T04:42:13.931561Z,2019-01-09T04:42:13.960803Z
93,Hispanic,63377,444,2019-01-09T04:42:13.931561Z,2019-01-09T04:42:13.960803Z
94,White,11298,444,2019-01-09T04:42:13.931561Z,2019-01-09T04:42:13.960803Z
95,Other,863,444,2019-01-09T04:42:13.931561Z,2019-01-09T04:42:13.960803Z
96,Asian,355,446,2019-01-09T04:42:13.931561Z,2019-01-09T04:42:13.960803Z
97,Black,379,446,2019-01-09T04:42:13.931561Z,2019-01-09T04:42:13.960803Z
98,Hispanic,22491,446,2019-01-09T04:42:13.931561Z,2019-01-09T04:42:13.960803Z
99,White,1880,446,2019-01-09T04:42:13.931561Z,2019-01-09T04:42:13.960803Z
100,Other,384,446,2019-01-09T04:42:13.931561Z,2019-01-09T04:42:13.960803Z
101,Asian,1305,447,2019-01-09T04:42:13.931561Z,2019-01-09T04:42:13.960803Z
102,Black,842,447,2019-01-09T04:42:13.931561Z,2019-01-09T04:42:13.960803Z
103,Hispanic,24563,447,2019-01-09T04:42:13.931561Z,2019-01-09T04:42:13.960803Z
104,White,12327,447,2019-01-09T04:42:13.931561Z,2019-01-09T04:42:13.960803Z
105,Other,684,447,2019-01-09T04:42:13.931561Z,2019-01-09T04:42:13.960803Z
106,Asian,2124,448,2019-01-09T04:42:13.931561Z,2019-01-09T04:42:13.960803Z
107,Black,3452,448,2019-01-09T04:42:13.931561Z,2019-01-09T04:42:13.960803Z
108,Hispanic,34677,448,2019-01-09T04:42:13.931561Z,2019-01-09T04:42:13.960803Z
109,White,32784,448,2019-01-09T04:42:13.931561Z,2019-01-09T04:42:13.960803Z
110,Other,1512,448,2019-01-09T04:42:13.931561Z,2019-01-09T04:42:13.960803Z
111,Asian,271,449,2019-01-09T04:42:13.931561Z,2019-01-09T04:42:13.960803Z
112,Black,22481,449,2019-01-09T04:42:13.931561Z,2019-01-09T04:42:13.960803Z
113,Hispanic,28612,449,2019-01-09T04:42:13.931561Z,2019-01-09T04:42:13.960803Z
114,White,2958,449,2019-01-09T04:42:13.931561Z,2019-01-09T04:42:13.960803Z
115,Other,689,449,2019-01-09T04:42:13.931561Z,2019-01-09T04:42:13.960803Z
116,Asian,3413,450,2019-01-09T04:42:13.931561Z,2019-01-09T04:42:13.960803Z
117,Black,6466,450,2019-01-09T04:42:13.931561Z,2019-01-09T04:42:13.960803Z
118,Hispanic,23239,450,2019-01-09T04:42:13.931561Z,2019-01-09T04:42:13.960803Z
119,White,49892,450,2019-01-09T04:42:13.931561Z,2019-01-09T04:42:13.960803Z
120,Other,2572,450,2019-01-09T04:42:13.931561Z,2019-01-09T04:42:13.960803Z
121,Asian,481,451,2019-01-09T04:42:13.931561Z,2019-01-09T04:42:13.960803Z
122,Black,81066,451,2019-01-09T04:42:13.931561Z,2019-01-09T04:42:13.960803Z
123,Hispanic,11132,451,2019-01-09T04:42:13.931561Z,2019-01-09T04:42:13.960803Z
124,White,4353,451,2019-01-09T04:42:13.931561Z,2019-01-09T04:42:13.960803Z
125,Other,611,451,2019-01-09T04:42:13.931561Z,2019-01-09T04:42:13.960803Z
126,Asian,61,452,2019-01-09T04:42:13.931561Z,2019-01-09T04:42:13.960803Z
127,Black,16954,452,2019-01-09T04:42:13.931561Z,2019-01-09T04:42:13.960803Z
128,Hispanic,353,452,2019-01-09T04:42:13.931561Z,2019-01-09T04:42:13.960803Z
129,White,315,452,2019-01-09T04:42:13.931561Z,2019-01-09T04:42:13.960803Z
130,Other,50,452,2019-01-09T04:42:13.931561Z,2019-01-09T04:42:13.960803Z
131,Asian,57,453,2019-01-09T04:42:13.931561Z,2019-01-09T04:42:13.960803Z
132,Black,18862,453,2019-01-09T04:42:13.931561Z,2019-01-09T04:42:13.960803Z
133,Hispanic,728,453,2019-01-09T04:42:13.931561Z,2019-01-09T04:42:13.960803Z
134,White,878,453,2019-01-09T04:42:13.931561Z,2019-01-09T04:42:13.960803Z
135,Other,140,453,2019-01-09T04:42:13.931561Z,2019-01-09T04:42:13.960803Z
136,Asian,9626,454,2019-01-09T04:42:13.931561Z,2019-01-09T04:42:13.960803Z
137,Black,18772,454,2019-01-09T04:42:13.931561Z,2019-01-09T04:42:13.960803Z
138,Hispanic,6186,454,2019-01-09T04:42:13.931561Z,2019-01-09T04:42:13.960803Z
139,White,25876,454,2019-01-09T04:42:13.931561Z,2019-01-09T04:42:13.960803Z
140,Other,1308,454,2019-01-09T04:42:13.931561Z,2019-01-09T04:42:13.960803Z
141,Asian,99,455,2019-01-09T04:42:13.931561Z,2019-01-09T04:42:13.960803Z
142,Black,31397,455,2019-01-09T04:42:13.931561Z,2019-01-09T04:42:13.960803Z
143,Hispanic,2470,455,2019-01-09T04:42:13.931561Z,2019-01-09T04:42:13.960803Z
144,White,811,455,2019-01-09T04:42:13.931561Z,2019-01-09T04:42:13.960803Z
145,Other,499,455,2019-01-09T04:42:13.931561Z,2019-01-09T04:42:13.960803Z
146,Asian,181,457,2019-01-09T04:42:13.931561Z,2019-01-09T04:42:13.960803Z
147,Black,8158,457,2019-01-09T04:42:13.931561Z,2019-01-09T04:42:13.960803Z
148,Hispanic,62928,457,2019-01-09T04:42:13.931561Z,2019-01-09T04:42:13.960803Z
149,White,2267,457,2019-01-09T04:42:13.931561Z,2019-01-09T04:42:13.960803Z
150,Other,292,457,2019-01-09T04:42:13.931561Z,2019-01-09T04:42:13.960803Z
151,Asian,598,458,2019-01-09T04:42:13.931561Z,2019-01-09T04:42:13.960803Z
152,Black,1117,458,2019-01-09T04:42:13.931561Z,2019-01-09T04:42:13.960803Z
153,Hispanic,27693,458,2019-01-09T04:42:13.931561Z,2019-01-09T04:42:13.960803Z
154,White,4617,458,2019-01-09T04:42:13.931561Z,2019-01-09T04:42:13.960803Z
155,Other,385,458,2019-01-09T04:42:13.931561Z,2019-01-09T04:42:13.960803Z
156,Asian,5745,463,2019-01-09T04:42:13.931561Z,2019-01-09T04:42:13.960803Z
157,Black,4131,463,2019-01-09T04:42:13.931561Z,2019-01-09T04:42:13.960803Z
158,Hispanic,2156,463,2019-01-09T04:42:13.931561Z,2019-01-09T04:42:13.960803Z
159,White,20378,463,2019-01-09T04:42:13.931561Z,2019-01-09T04:42:13.960803Z
160,Other,1032,463,2019-01-09T04:42:13.931561Z,2019-01-09T04:42:13.960803Z
161,Asian,4450,459,2019-01-09T04:42:13.931561Z,2019-01-09T04:42:13.960803Z
162,Black,5382,459,2019-01-09T04:42:13.931561Z,2019-01-09T04:42:13.960803Z
163,Hispanic,1393,459,2019-01-09T04:42:13.931561Z,2019-01-09T04:42:13.960803Z
164,White,10404,459,2019-01-09T04:42:13.931561Z,2019-01-09T04:42:13.960803Z
165,Other,772,459,2019-01-09T04:42:13.931561Z,2019-01-09T04:42:13.960803Z
166,Asian,10347,460,2019-01-09T04:42:13.931561Z,2019-01-09T04:42:13.960803Z
167,Black,1348,460,2019-01-09T04:42:13.931561Z,2019-01-09T04:42:13.960803Z
168,Hispanic,426,460,2019-01-09T04:42:13.931561Z,2019-01-09T04:42:13.960803Z
169,White,1521,460,2019-01-09T04:42:13.931561Z,2019-01-09T04:42:13.960803Z
170,Other,365,460,2019-01-09T04:42:13.931561Z,2019-01-09T04:42:13.960803Z
171,Asian,2917,426,2019-01-09T04:42:13.931561Z,2019-01-09T04:42:13.960803Z
172,Black,14365,426,2019-01-09T04:42:13.931561Z,2019-01-09T04:42:13.960803Z
173,Hispanic,485,426,2019-01-09T04:42:13.931561Z,2019-01-09T04:42:13.960803Z
174,White,2165,426,2019-01-09T04:42:13.931561Z,2019-01-09T04:42:13.960803Z
175,Other,391,426,2019-01-09T04:42:13.931561Z,2019-01-09T04:42:13.960803Z
176,Asian,109,427,2019-01-09T04:42:13.931561Z,2019-01-09T04:42:13.960803Z
177,Black,5946,427,2019-01-09T04:42:13.931561Z,2019-01-09T04:42:13.960803Z
178,Hispanic,209,427,2019-01-09T04:42:13.931561Z,2019-01-09T04:42:13.960803Z
179,White,142,427,2019-01-09T04:42:13.931561Z,2019-01-09T04:42:13.960803Z
180,Other,16,427,2019-01-09T04:42:13.931561Z,2019-01-09T04:42:13.960803Z
181,Asian,0,428,2019-01-09T04:42:13.931561Z,2019-01-09T04:42:13.960803Z
182,Black,2268,428,2019-01-09T04:42:13.931561Z,2019-01-09T04:42:13.960803Z
183,Hispanic,152,428,2019-01-09T04:42:13.931561Z,2019-01-09T04:42:13.960803Z
184,White,37,428,2019-01-09T04:42:13.931561Z,2019-01-09T04:42:13.960803Z
185,Other,0,428,2019-01-09T04:42:13.931561Z,2019-01-09T04:42:13.960803Z
186,Asian,117,429,2019-01-09T04:42:13.931561Z,2019-01-09T04:42:13.960803Z
187,Black,20624,429,2019-01-09T04:42:13.931561Z,2019-01-09T04:42:13.960803Z
188,Hispanic,574,429,2019-01-09T04:42:13.931561Z,2019-01-09T04:42:13.960803Z
189,White,719,429,2019-01-09T04:42:13.931561Z,2019-01-09T04:42:13.960803Z
190,Other,716,429,2019-01-09T04:42:13.931561Z,2019-01-09T04:42:13.960803Z
191,Asian,1520,430,2019-01-09T04:42:13.931561Z,2019-01-09T04:42:13.960803Z
192,Black,11916,430,2019-01-09T04:42:13.931561Z,2019-01-09T04:42:13.960803Z
193,Hispanic,667,430,2019-01-09T04:42:13.931561Z,2019-01-09T04:42:13.960803Z
194,White,2978,430,2019-01-09T04:42:13.931561Z,2019-01-09T04:42:13.960803Z
195,Other,520,430,2019-01-09T04:42:13.931561Z,2019-01-09T04:42:13.960803Z
196,Asian,9,432,2019-01-09T04:42:13.931561Z,2019-01-09T04:42:13.960803Z
197,Black,11595,432,2019-01-09T04:42:13.931561Z,2019-01-09T04:42:13.960803Z
198,Hispanic,158,432,2019-01-09T04:42:13.931561Z,2019-01-09T04:42:13.960803Z
199,White,48,432,2019-01-09T04:42:13.931561Z,2019-01-09T04:42:13.960803Z
200,Other,271,432,2019-01-09T04:42:13.931561Z,2019-01-09T04:42:13.960803Z
201,Asian,3244,433,2019-01-09T04:42:13.931561Z,2019-01-09T04:42:13.960803Z
202,Black,8047,433,2019-01-09T04:42:13.931561Z,2019-01-09T04:42:13.960803Z
203,Hispanic,1891,433,2019-01-09T04:42:13.931561Z,2019-01-09T04:42:13.960803Z
204,White,12584,433,2019-01-09T04:42:13.931561Z,2019-01-09T04:42:13.960803Z
205,Other,1127,433,2019-01-09T04:42:13.931561Z,2019-01-09T04:42:13.960803Z
206,Asian,814,434,2019-01-09T04:42:13.931561Z,2019-01-09T04:42:13.960803Z
207,Black,22555,434,2019-01-09T04:42:13.931561Z,2019-01-09T04:42:13.960803Z
208,Hispanic,695,434,2019-01-09T04:42:13.931561Z,2019-01-09T04:42:13.960803Z
209,White,1885,434,2019-01-09T04:42:13.931561Z,2019-01-09T04:42:13.960803Z
210,Other,497,434,2019-01-09T04:42:13.931561Z,2019-01-09T04:42:13.960803Z
211,Asian,115,464,2019-01-09T04:42:13.931561Z,2019-01-09T04:42:13.960803Z
212,Black,45990,464,2019-01-09T04:42:13.931561Z,2019-01-09T04:42:13.960803Z
213,Hispanic,784,464,2019-01-09T04:42:13.931561Z,2019-01-09T04:42:13.960803Z
214,White,1084,464,2019-01-09T04:42:13.931561Z,2019-01-09T04:42:13.960803Z
215,Other,1182,464,2019-01-09T04:42:13.931561Z,2019-01-09T04:42:13.960803Z
216,Asian,129,465,2019-01-09T04:42:13.931561Z,2019-01-09T04:42:13.960803Z
217,Black,30297,465,2019-01-09T04:42:13.931561Z,2019-01-09T04:42:13.960803Z
218,Hispanic,287,465,2019-01-09T04:42:13.931561Z,2019-01-09T04:42:13.960803Z
219,White,388,465,2019-01-09T04:42:13.931561Z,2019-01-09T04:42:13.960803Z
220,Other,258,465,2019-01-09T04:42:13.931561Z,2019-01-09T04:42:13.960803Z
221,Asian,59,466,2019-01-09T04:42:13.931561Z,2019-01-09T04:42:13.960803Z
222,Black,9553,466,2019-01-09T04:42:13.931561Z,2019-01-09T04:42:13.960803Z
223,Hispanic,62,466,2019-01-09T04:42:13.931561Z,2019-01-09T04:42:13.960803Z
224,White,53,466,2019-01-09T04:42:13.931561Z,2019-01-09T04:42:13.960803Z
225,Other,86,466,2019-01-09T04:42:13.931561Z,2019-01-09T04:42:13.960803Z
226,Asian,116,467,2019-01-09T04:42:13.931561Z,2019-01-09T04:42:13.960803Z
227,Black,20818,467,2019-01-09T04:42:13.931561Z,2019-01-09T04:42:13.960803Z
228,Hispanic,6083,467,2019-01-09T04:42:13.931561Z,2019-01-09T04:42:13.960803Z
229,White,782,467,2019-01-09T04:42:13.931561Z,2019-01-09T04:42:13.960803Z
230,Other,296,467,2019-01-09T04:42:13.931561Z,2019-01-09T04:42:13.960803Z
231,Asian,0,468,2019-01-09T04:42:13.931561Z,2019-01-09T04:42:13.960803Z
232,Black,2601,468,2019-01-09T04:42:13.931561Z,2019-01-09T04:42:13.960803Z
233,Hispanic,0,468,2019-01-09T04:42:13.931561Z,2019-01-09T04:42:13.960803Z
234,White,0,468,2019-01-09T04:42:13.931561Z,2019-01-09T04:42:13.960803Z
235,Other,0,468,2019-01-09T04:42:13.931561Z,2019-01-09T04:42:13.960803Z
236,Asian,5,469,2019-01-09T04:42:13.931561Z,2019-01-09T04:42:13.960803Z
237,Black,12835,469,2019-01-09T04:42:13.931561Z,2019-01-09T04:42:13.960803Z
238,Hispanic,443,469,2019-01-09T04:42:13.931561Z,2019-01-09T04:42:13.960803Z
239,White,308,469,2019-01-09T04:42:13.931561Z,2019-01-09T04:42:13.960803Z
240,Other,141,469,2019-01-09T04:42:13.931561Z,2019-01-09T04:42:13.960803Z
241,Asian,185,470,2019-01-09T04:42:13.931561Z,2019-01-09T04:42:13.960803Z
242,Black,40846,470,2019-01-09T04:42:13.931561Z,2019-01-09T04:42:13.960803Z
243,Hispanic,450,470,2019-01-09T04:42:13.931561Z,2019-01-09T04:42:13.960803Z
244,White,557,470,2019-01-09T04:42:13.931561Z,2019-01-09T04:42:13.960803Z
245,Other,467,470,2019-01-09T04:42:13.931561Z,2019-01-09T04:42:13.960803Z
246,Asian,34,472,2019-01-09T04:42:13.931561Z,2019-01-09T04:42:13.960803Z
247,Black,5380,472,2019-01-09T04:42:13.931561Z,2019-01-09T04:42:13.960803Z
248,Hispanic,551,472,2019-01-09T04:42:13.931561Z,2019-01-09T04:42:13.960803Z
249,White,464,472,2019-01-09T04:42:13.931561Z,2019-01-09T04:42:13.960803Z
250,Other,72,472,2019-01-09T04:42:13.931561Z,2019-01-09T04:42:13.960803Z
251,Asian,8,473,2019-01-09T04:42:13.931561Z,2019-01-09T04:42:13.960803Z
252,Black,9971,473,2019-01-09T04:42:13.931561Z,2019-01-09T04:42:13.960803Z
253,Hispanic,4580,473,2019-01-09T04:42:13.931561Z,2019-01-09T04:42:13.960803Z
254,White,592,473,2019-01-09T04:42:13.931561Z,2019-01-09T04:42:13.960803Z
255,Other,154,473,2019-01-09T04:42:13.931561Z,2019-01-09T04:42:13.960803Z
256,Asian,28,474,2019-01-09T04:42:13.931561Z,2019-01-09T04:42:13.960803Z
257,Black,684,474,2019-01-09T04:42:13.931561Z,2019-01-09T04:42:13.960803Z
258,Hispanic,18992,474,2019-01-09T04:42:13.931561Z,2019-01-09T04:42:13.960803Z
259,White,4049,474,2019-01-09T04:42:13.931561Z,2019-01-09T04:42:13.960803Z
260,Other,64,474,2019-01-09T04:42:13.931561Z,2019-01-09T04:42:13.960803Z
261,Asian,67,475,2019-01-09T04:42:13.931561Z,2019-01-09T04:42:13.960803Z
262,Black,26123,475,2019-01-09T04:42:13.931561Z,2019-01-09T04:42:13.960803Z
263,Hispanic,1351,475,2019-01-09T04:42:13.931561Z,2019-01-09T04:42:13.960803Z
264,White,280,475,2019-01-09T04:42:13.931561Z,2019-01-09T04:42:13.960803Z
265,Other,152,475,2019-01-09T04:42:13.931561Z,2019-01-09T04:42:13.960803Z
266,Asian,26,476,2019-01-09T04:42:13.931561Z,2019-01-09T04:42:13.960803Z
267,Black,6676,476,2019-01-09T04:42:13.931561Z,2019-01-09T04:42:13.960803Z
268,Hispanic,278,476,2019-01-09T04:42:13.931561Z,2019-01-09T04:42:13.960803Z
269,White,77,476,2019-01-09T04:42:13.931561Z,2019-01-09T04:42:13.960803Z
270,Other,33,476,2019-01-09T04:42:13.931561Z,2019-01-09T04:42:13.960803Z
271,Asian,0,477,2019-01-09T04:42:13.931561Z,2019-01-09T04:42:13.960803Z
272,Black,566,477,2019-01-09T04:42:13.931561Z,2019-01-09T04:42:13.960803Z
273,Hispanic,4243,477,2019-01-09T04:42:13.931561Z,2019-01-09T04:42:13.960803Z
274,White,4078,477,2019-01-09T04:42:13.931561Z,2019-01-09T04:42:13.960803Z
275,Other,65,477,2019-01-09T04:42:13.931561Z,2019-01-09T04:42:13.960803Z
276,Asian,422,478,2019-01-09T04:42:13.931561Z,2019-01-09T04:42:13.960803Z
277,Black,1462,478,2019-01-09T04:42:13.931561Z,2019-01-09T04:42:13.960803Z
278,Hispanic,16618,478,2019-01-09T04:42:13.931561Z,2019-01-09T04:42:13.960803Z
279,White,16852,478,2019-01-09T04:42:13.931561Z,2019-01-09T04:42:13.960803Z
280,Other,278,478,2019-01-09T04:42:13.931561Z,2019-01-09T04:42:13.960803Z
281,Asian,391,479,2019-01-09T04:42:13.931561Z,2019-01-09T04:42:13.960803Z
282,Black,116,479,2019-01-09T04:42:13.931561Z,2019-01-09T04:42:13.960803Z
283,Hispanic,10126,479,2019-01-09T04:42:13.931561Z,2019-01-09T04:42:13.960803Z
284,White,2578,479,2019-01-09T04:42:13.931561Z,2019-01-09T04:42:13.960803Z
285,Other,82,479,2019-01-09T04:42:13.931561Z,2019-01-09T04:42:13.960803Z
286,Asian,2955,480,2019-01-09T04:42:13.931561Z,2019-01-09T04:42:13.960803Z
287,Black,677,480,2019-01-09T04:42:13.931561Z,2019-01-09T04:42:13.960803Z
288,Hispanic,37620,480,2019-01-09T04:42:13.931561Z,2019-01-09T04:42:13.960803Z
289,White,2844,480,2019-01-09T04:42:13.931561Z,2019-01-09T04:42:13.960803Z
290,Other,106,480,2019-01-09T04:42:13.931561Z,2019-01-09T04:42:13.960803Z
291,Asian,3136,481,2019-01-09T04:42:13.931561Z,2019-01-09T04:42:13.960803Z
292,Black,507,481,2019-01-09T04:42:13.931561Z,2019-01-09T04:42:13.960803Z
293,Hispanic,9612,481,2019-01-09T04:42:13.931561Z,2019-01-09T04:42:13.960803Z
294,White,2802,481,2019-01-09T04:42:13.931561Z,2019-01-09T04:42:13.960803Z
295,Other,279,481,2019-01-09T04:42:13.931561Z,2019-01-09T04:42:13.960803Z
296,Asian,11726,483,2019-01-09T04:42:13.931561Z,2019-01-09T04:42:13.960803Z
297,Black,951,483,2019-01-09T04:42:13.931561Z,2019-01-09T04:42:13.960803Z
298,Hispanic,9558,483,2019-01-09T04:42:13.931561Z,2019-01-09T04:42:13.960803Z
299,White,10842,483,2019-01-09T04:42:13.931561Z,2019-01-09T04:42:13.960803Z
300,Other,862,483,2019-01-09T04:42:13.931561Z,2019-01-09T04:42:13.960803Z
301,Asian,815,484,2019-01-09T04:42:13.931561Z,2019-01-09T04:42:13.960803Z
302,Black,9832,484,2019-01-09T04:42:13.931561Z,2019-01-09T04:42:13.960803Z
303,Hispanic,24990,484,2019-01-09T04:42:13.931561Z,2019-01-09T04:42:13.960803Z
304,White,5094,484,2019-01-09T04:42:13.931561Z,2019-01-09T04:42:13.960803Z
305,Other,352,484,2019-01-09T04:42:13.931561Z,2019-01-09T04:42:13.960803Z
306,Asian,303,485,2019-01-09T04:42:13.931561Z,2019-01-09T04:42:13.960803Z
307,Black,262,485,2019-01-09T04:42:13.931561Z,2019-01-09T04:42:13.960803Z
308,Hispanic,15385,485,2019-01-09T04:42:13.931561Z,2019-01-09T04:42:13.960803Z
309,White,3235,485,2019-01-09T04:42:13.931561Z,2019-01-09T04:42:13.960803Z
310,Other,7,485,2019-01-09T04:42:13.931561Z,2019-01-09T04:42:13.960803Z
311,Asian,350,486,2019-01-09T04:42:13.931561Z,2019-01-09T04:42:13.960803Z
312,Black,1342,486,2019-01-09T04:42:13.931561Z,2019-01-09T04:42:13.960803Z
313,Hispanic,38009,486,2019-01-09T04:42:13.931561Z,2019-01-09T04:42:13.960803Z
314,White,1460,486,2019-01-09T04:42:13.931561Z,2019-01-09T04:42:13.960803Z
315,Other,41,486,2019-01-09T04:42:13.931561Z,2019-01-09T04:42:13.960803Z
316,Asian,319,487,2019-01-09T04:42:13.931561Z,2019-01-09T04:42:13.960803Z
317,Black,140,487,2019-01-09T04:42:13.931561Z,2019-01-09T04:42:13.960803Z
318,Hispanic,12361,487,2019-01-09T04:42:13.931561Z,2019-01-09T04:42:13.960803Z
319,White,11871,487,2019-01-09T04:42:13.931561Z,2019-01-09T04:42:13.960803Z
320,Other,271,487,2019-01-09T04:42:13.931561Z,2019-01-09T04:42:13.960803Z
321,Asian,178,488,2019-01-09T04:42:13.931561Z,2019-01-09T04:42:13.960803Z
322,Black,1067,488,2019-01-09T04:42:13.931561Z,2019-01-09T04:42:13.960803Z
323,Hispanic,26395,488,2019-01-09T04:42:13.931561Z,2019-01-09T04:42:13.960803Z
324,White,4989,488,2019-01-09T04:42:13.931561Z,2019-01-09T04:42:13.960803Z
325,Other,120,488,2019-01-09T04:42:13.931561Z,2019-01-09T04:42:13.960803Z
326,Asian,529,489,2019-01-09T04:42:13.931561Z,2019-01-09T04:42:13.960803Z
327,Black,26100,489,2019-01-09T04:42:13.931561Z,2019-01-09T04:42:13.960803Z
328,Hispanic,26377,489,2019-01-09T04:42:13.931561Z,2019-01-09T04:42:13.960803Z
329,White,1873,489,2019-01-09T04:42:13.931561Z,2019-01-09T04:42:13.960803Z
330,Other,672,489,2019-01-09T04:42:13.931561Z,2019-01-09T04:42:13.960803Z
331,Asian,19,490,2019-01-09T04:42:13.931561Z,2019-01-09T04:42:13.960803Z
332,Black,29955,490,2019-01-09T04:42:13.931561Z,2019-01-09T04:42:13.960803Z
333,Hispanic,1563,490,2019-01-09T04:42:13.931561Z,2019-01-09T04:42:13.960803Z
334,White,235,490,2019-01-09T04:42:13.931561Z,2019-01-09T04:42:13.960803Z
335,Other,384,490,2019-01-09T04:42:13.931561Z,2019-01-09T04:42:13.960803Z
336,Asian,76,491,2019-01-09T04:42:13.931561Z,2019-01-09T04:42:13.960803Z
337,Black,24810,491,2019-01-09T04:42:13.931561Z,2019-01-09T04:42:13.960803Z
338,Hispanic,682,491,2019-01-09T04:42:13.931561Z,2019-01-09T04:42:13.960803Z
339,White,199,491,2019-01-09T04:42:13.931561Z,2019-01-09T04:42:13.960803Z
340,Other,354,491,2019-01-09T04:42:13.931561Z,2019-01-09T04:42:13.960803Z
341,Asian,22,492,2019-01-09T04:42:13.931561Z,2019-01-09T04:42:13.960803Z
342,Black,31077,492,2019-01-09T04:42:13.931561Z,2019-01-09T04:42:13.960803Z
343,Hispanic,358,492,2019-01-09T04:42:13.931561Z,2019-01-09T04:42:13.960803Z
344,White,466,492,2019-01-09T04:42:13.931561Z,2019-01-09T04:42:13.960803Z
345,Other,423,492,2019-01-09T04:42:13.931561Z,2019-01-09T04:42:13.960803Z
346,Asian,284,494,2019-01-09T04:42:13.931561Z,2019-01-09T04:42:13.960803Z
347,Black,20817,494,2019-01-09T04:42:13.931561Z,2019-01-09T04:42:13.960803Z
348,Hispanic,15455,494,2019-01-09T04:42:13.931561Z,2019-01-09T04:42:13.960803Z
349,White,5555,494,2019-01-09T04:42:13.931561Z,2019-01-09T04:42:13.960803Z
350,Other,641,494,2019-01-09T04:42:13.931561Z,2019-01-09T04:42:13.960803Z
351,Asian,126,495,2019-01-09T04:42:13.931561Z,2019-01-09T04:42:13.960803Z
352,Black,44402,495,2019-01-09T04:42:13.931561Z,2019-01-09T04:42:13.960803Z
353,Hispanic,689,495,2019-01-09T04:42:13.931561Z,2019-01-09T04:42:13.960803Z
354,White,231,495,2019-01-09T04:42:13.931561Z,2019-01-09T04:42:13.960803Z
355,Other,394,495,2019-01-09T04:42:13.931561Z,2019-01-09T04:42:13.960803Z
356,Asian,101,496,2019-01-09T04:42:13.931561Z,2019-01-09T04:42:13.960803Z
357,Black,7257,496,2019-01-09T04:42:13.931561Z,2019-01-09T04:42:13.960803Z
358,Hispanic,1414,496,2019-01-09T04:42:13.931561Z,2019-01-09T04:42:13.960803Z
359,White,11604,496,2019-01-09T04:42:13.931561Z,2019-01-09T04:42:13.960803Z
360,Other,439,496,2019-01-09T04:42:13.931561Z,2019-01-09T04:42:13.960803Z
361,Asian,0,497,2019-01-09T04:42:13.931561Z,2019-01-09T04:42:13.960803Z
362,Black,25968,497,2019-01-09T04:42:13.931561Z,2019-01-09T04:42:13.960803Z
363,Hispanic,287,497,2019-01-09T04:42:13.931561Z,2019-01-09T04:42:13.960803Z
364,White,351,497,2019-01-09T04:42:13.931561Z,2019-01-09T04:42:13.960803Z
365,Other,510,497,2019-01-09T04:42:13.931561Z,2019-01-09T04:42:13.960803Z
366,Asian,383,498,2019-01-09T04:42:13.931561Z,2019-01-09T04:42:13.960803Z
367,Black,664,498,2019-01-09T04:42:13.931561Z,2019-01-09T04:42:13.960803Z
368,Hispanic,1205,498,2019-01-09T04:42:13.931561Z,2019-01-09T04:42:13.960803Z
369,White,16289,498,2019-01-09T04:42:13.931561Z,2019-01-09T04:42:13.960803Z
370,Other,242,498,2019-01-09T04:42:13.931561Z,2019-01-09T04:42:13.960803Z
371,Asian,54,499,2019-01-09T04:42:13.931561Z,2019-01-09T04:42:13.960803Z
372,Black,15125,499,2019-01-09T04:42:13.931561Z,2019-01-09T04:42:13.960803Z
373,Hispanic,638,499,2019-01-09T04:42:13.931561Z,2019-01-09T04:42:13.960803Z
374,White,6546,499,2019-01-09T04:42:13.931561Z,2019-01-09T04:42:13.960803Z
375,Other,545,499,2019-01-09T04:42:13.931561Z,2019-01-09T04:42:13.960803Z
376,Asian,1487,500,2019-01-09T04:42:13.931561Z,2019-01-09T04:42:13.960803Z
377,Black,104,500,2019-01-09T04:42:13.931561Z,2019-01-09T04:42:13.960803Z
378,Hispanic,1150,500,2019-01-09T04:42:13.931561Z,2019-01-09T04:42:13.960803Z
379,White,10130,500,2019-01-09T04:42:13.931561Z,2019-01-09T04:42:13.960803Z
380,Other,612,500,2019-01-09T04:42:13.931561Z,2019-01-09T04:42:13.960803Z
381,Asian,6340,501,2019-01-09T04:42:13.931561Z,2019-01-09T04:42:13.960803Z
382,Black,7853,501,2019-01-09T04:42:13.931561Z,2019-01-09T04:42:13.960803Z
383,Hispanic,8918,501,2019-01-09T04:42:13.931561Z,2019-01-09T04:42:13.960803Z
384,White,29912,501,2019-01-09T04:42:13.931561Z,2019-01-09T04:42:13.960803Z
385,Other,1850,501,2019-01-09T04:42:13.931561Z,2019-01-09T04:42:13.960803Z
436,Native American,321,1527,2019-01-09T04:42:13.931561Z,2019-01-09T04:42:13.960803Z
437,Native American,223,1528,2019-01-09T04:42:13.931561Z,2019-01-09T04:42:13.960803Z
439,Native American,112,1539,2019-01-09T04:42:13.931561Z,2019-01-09T04:42:13.960803Z
440,Native American,118,1540,2019-01-09T04:42:13.931561Z,2019-01-09T04:42:13.960803Z
441,Native American,351,1541,2019-01-09T04:42:13.931561Z,2019-01-09T04:42:13.960803Z
442,Native American,299,1542,2019-01-09T04:42:13.931561Z,2019-01-09T04:42:13.960803Z
443,Native American,247,1543,2019-01-09T04:42:13.931561Z,2019-01-09T04:42:13.960803Z
444,Native American,108,1544,2019-01-09T04:42:13.931561Z,2019-01-09T04:42:13.960803Z
445,Native American,185,1545,2019-01-09T04:42:13.931561Z,2019-01-09T04:42:13.960803Z
446,Native American,73,1546,2019-01-09T04:42:13.931561Z,2019-01-09T04:42:13.960803Z
447,Native American,169,1535,2019-01-09T04:42:13.931561Z,2019-01-09T04:42:13.960803Z
449,Native American,308,1531,2019-01-09T04:42:13.931561Z,2019-01-09T04:42:13.960803Z
450,Native American,214,1532,2019-01-09T04:42:13.931561Z,2019-01-09T04:42:13.960803Z
451,Native American,189,1533,2019-01-09T04:42:13.931561Z,2019-01-09T04:42:13.960803Z
453,Native American,223,1536,2019-01-09T04:42:13.931561Z,2019-01-09T04:42:13.960803Z
454,Native American,164,1537,2019-01-09T04:42:13.931561Z,2019-01-09T04:42:13.960803Z
455,Native American,144,1548,2019-01-09T04:42:13.931561Z,2019-01-09T04:42:13.960803Z
456,Native American,95,1549,2019-01-09T04:42:13.931561Z,2019-01-09T04:42:13.960803Z
457,Native American,173,1550,2019-01-09T04:42:13.931561Z,2019-01-09T04:42:13.960803Z
458,Native American,138,1551,2019-01-09T04:42:13.931561Z,2019-01-09T04:42:13.960803Z
459,Native American,136,1534,2019-01-09T04:42:13.931561Z,2019-01-09T04:42:13.960803Z
460,Native American,107,1547,2019-01-09T04:42:13.931561Z,2019-01-09T04:42:13.960803Z
461,White,55743,1527,2019-01-09T04:42:13.931561Z,2019-01-09T04:42:13.960803Z
462,White,49420,1528,2019-01-09T04:42:13.931561Z,2019-01-09T04:42:13.960803Z
464,White,34863,1539,2019-01-09T04:42:13.931561Z,2019-01-09T04:42:13.960803Z
465,White,843,1540,2019-01-09T04:42:13.931561Z,2019-01-09T04:42:13.960803Z
466,White,60488,1541,2019-01-09T04:42:13.931561Z,2019-01-09T04:42:13.960803Z
467,White,138045,1542,2019-01-09T04:42:13.931561Z,2019-01-09T04:42:13.960803Z
468,White,51491,1543,2019-01-09T04:42:13.931561Z,2019-01-09T04:42:13.960803Z
469,White,88418,1544,2019-01-09T04:42:13.931561Z,2019-01-09T04:42:13.960803Z
470,White,51775,1545,2019-01-09T04:42:13.931561Z,2019-01-09T04:42:13.960803Z
471,White,1664,1546,2019-01-09T04:42:13.931561Z,2019-01-09T04:42:13.960803Z
472,White,1472,1535,2019-01-09T04:42:13.931561Z,2019-01-09T04:42:13.960803Z
474,White,150551,1531,2019-01-09T04:42:13.931561Z,2019-01-09T04:42:13.960803Z
475,White,29371,1532,2019-01-09T04:42:13.931561Z,2019-01-09T04:42:13.960803Z
476,White,49809,1533,2019-01-09T04:42:13.931561Z,2019-01-09T04:42:13.960803Z
478,White,9925,1536,2019-01-09T04:42:13.931561Z,2019-01-09T04:42:13.960803Z
479,White,312,1537,2019-01-09T04:42:13.931561Z,2019-01-09T04:42:13.960803Z
480,White,4300,1548,2019-01-09T04:42:13.931561Z,2019-01-09T04:42:13.960803Z
481,White,32952,1549,2019-01-09T04:42:13.931561Z,2019-01-09T04:42:13.960803Z
482,White,24307,1550,2019-01-09T04:42:13.931561Z,2019-01-09T04:42:13.960803Z
483,White,17747,1551,2019-01-09T04:42:13.931561Z,2019-01-09T04:42:13.960803Z
484,White,262,1534,2019-01-09T04:42:13.931561Z,2019-01-09T04:42:13.960803Z
485,White,959,1547,2019-01-09T04:42:13.931561Z,2019-01-09T04:42:13.960803Z
486,Asian,17373,1527,2019-01-09T04:42:13.931561Z,2019-01-09T04:42:13.960803Z
487,Asian,12792,1528,2019-01-09T04:42:13.931561Z,2019-01-09T04:42:13.960803Z
489,Asian,352,1539,2019-01-09T04:42:13.931561Z,2019-01-09T04:42:13.960803Z
490,Asian,38,1540,2019-01-09T04:42:13.931561Z,2019-01-09T04:42:13.960803Z
491,Asian,20796,1541,2019-01-09T04:42:13.931561Z,2019-01-09T04:42:13.960803Z
492,Asian,10711,1542,2019-01-09T04:42:13.931561Z,2019-01-09T04:42:13.960803Z
493,Asian,2001,1543,2019-01-09T04:42:13.931561Z,2019-01-09T04:42:13.960803Z
494,Asian,9775,1544,2019-01-09T04:42:13.931561Z,2019-01-09T04:42:13.960803Z
495,Asian,8148,1545,2019-01-09T04:42:13.931561Z,2019-01-09T04:42:13.960803Z
496,Asian,329,1546,2019-01-09T04:42:13.931561Z,2019-01-09T04:42:13.960803Z
497,Asian,312,1535,2019-01-09T04:42:13.931561Z,2019-01-09T04:42:13.960803Z
499,Asian,12277,1531,2019-01-09T04:42:13.931561Z,2019-01-09T04:42:13.960803Z
500,Asian,3086,1532,2019-01-09T04:42:13.931561Z,2019-01-09T04:42:13.960803Z
501,Asian,3604,1533,2019-01-09T04:42:13.931561Z,2019-01-09T04:42:13.960803Z
503,Asian,258,1536,2019-01-09T04:42:13.931561Z,2019-01-09T04:42:13.960803Z
504,Asian,61,1537,2019-01-09T04:42:13.931561Z,2019-01-09T04:42:13.960803Z
505,Asian,239,1548,2019-01-09T04:42:13.931561Z,2019-01-09T04:42:13.960803Z
506,Asian,10790,1549,2019-01-09T04:42:13.931561Z,2019-01-09T04:42:13.960803Z
507,Asian,25894,1550,2019-01-09T04:42:13.931561Z,2019-01-09T04:42:13.960803Z
508,Asian,5837,1551,2019-01-09T04:42:13.931561Z,2019-01-09T04:42:13.960803Z
509,Asian,56,1534,2019-01-09T04:42:13.931561Z,2019-01-09T04:42:13.960803Z
510,Asian,174,1547,2019-01-09T04:42:13.931561Z,2019-01-09T04:42:13.960803Z
511,Other,3645,1527,2019-01-09T04:42:13.931561Z,2019-01-09T04:42:13.960803Z
512,Other,2416,1528,2019-01-09T04:42:13.931561Z,2019-01-09T04:42:13.960803Z
514,Other,1202,1539,2019-01-09T04:42:13.931561Z,2019-01-09T04:42:13.960803Z
515,Other,809,1540,2019-01-09T04:42:13.931561Z,2019-01-09T04:42:13.960803Z
516,Other,4335,1541,2019-01-09T04:42:13.931561Z,2019-01-09T04:42:13.960803Z
517,Other,2967,1542,2019-01-09T04:42:13.931561Z,2019-01-09T04:42:13.960803Z
518,Other,1561,1543,2019-01-09T04:42:13.931561Z,2019-01-09T04:42:13.960803Z
519,Other,2253,1544,2019-01-09T04:42:13.931561Z,2019-01-09T04:42:13.960803Z
520,Other,2393,1545,2019-01-09T04:42:13.931561Z,2019-01-09T04:42:13.960803Z
521,Other,619,1546,2019-01-09T04:42:13.931561Z,2019-01-09T04:42:13.960803Z
522,Other,1149,1535,2019-01-09T04:42:13.931561Z,2019-01-09T04:42:13.960803Z
524,Other,4320,1531,2019-01-09T04:42:13.931561Z,2019-01-09T04:42:13.960803Z
525,Other,1682,1532,2019-01-09T04:42:13.931561Z,2019-01-09T04:42:13.960803Z
526,Other,2070,1533,2019-01-09T04:42:13.931561Z,2019-01-09T04:42:13.960803Z
528,Other,1389,1536,2019-01-09T04:42:13.931561Z,2019-01-09T04:42:13.960803Z
529,Other,865,1537,2019-01-09T04:42:13.931561Z,2019-01-09T04:42:13.960803Z
530,Other,529,1548,2019-01-09T04:42:13.931561Z,2019-01-09T04:42:13.960803Z
531,Other,1726,1549,2019-01-09T04:42:13.931561Z,2019-01-09T04:42:13.960803Z
532,Other,1173,1550,2019-01-09T04:42:13.931561Z,2019-01-09T04:42:13.960803Z
533,Other,2482,1551,2019-01-09T04:42:13.931561Z,2019-01-09T04:42:13.960803Z
534,Other,663,1534,2019-01-09T04:42:13.931561Z,2019-01-09T04:42:13.960803Z
535,Other,485,1547,2019-01-09T04:42:13.931561Z,2019-01-09T04:42:13.960803Z
411,Black,4782,1527,2019-01-09T04:42:13.931561Z,2019-01-09T04:42:13.960803Z
412,Black,9909,1528,2019-01-09T04:42:13.931561Z,2019-01-09T04:42:13.960803Z
414,Black,62094,1539,2019-01-09T04:42:13.931561Z,2019-01-09T04:42:13.960803Z
415,Black,70064,1540,2019-01-09T04:42:13.931561Z,2019-01-09T04:42:13.960803Z
416,Black,25322,1541,2019-01-09T04:42:13.931561Z,2019-01-09T04:42:13.960803Z
417,Black,2022,1542,2019-01-09T04:42:13.931561Z,2019-01-09T04:42:13.960803Z
418,Black,52219,1543,2019-01-09T04:42:13.931561Z,2019-01-09T04:42:13.960803Z
419,Black,10681,1544,2019-01-09T04:42:13.931561Z,2019-01-09T04:42:13.960803Z
420,Black,23039,1545,2019-01-09T04:42:13.931561Z,2019-01-09T04:42:13.960803Z
421,Black,59671,1546,2019-01-09T04:42:13.931561Z,2019-01-09T04:42:13.960803Z
422,Black,71010,1535,2019-01-09T04:42:13.931561Z,2019-01-09T04:42:13.960803Z
424,Black,13305,1531,2019-01-09T04:42:13.931561Z,2019-01-09T04:42:13.960803Z
425,Black,33033,1532,2019-01-09T04:42:13.931561Z,2019-01-09T04:42:13.960803Z
426,Black,8027,1533,2019-01-09T04:42:13.931561Z,2019-01-09T04:42:13.960803Z
428,Black,76399,1536,2019-01-09T04:42:13.931561Z,2019-01-09T04:42:13.960803Z
429,Black,88525,1537,2019-01-09T04:42:13.931561Z,2019-01-09T04:42:13.960803Z
430,Black,39440,1548,2019-01-09T04:42:13.931561Z,2019-01-09T04:42:13.960803Z
431,Black,13452,1549,2019-01-09T04:42:13.931561Z,2019-01-09T04:42:13.960803Z
432,Black,19044,1550,2019-01-09T04:42:13.931561Z,2019-01-09T04:42:13.960803Z
433,Black,65993,1551,2019-01-09T04:42:13.931561Z,2019-01-09T04:42:13.960803Z
434,Black,68787,1534,2019-01-09T04:42:13.931561Z,2019-01-09T04:42:13.960803Z
435,Black,55468,1547,2019-01-09T04:42:13.931561Z,2019-01-09T04:42:13.960803Z
386,Hispanic,62232,1527,2019-01-09T04:42:13.931561Z,2019-01-09T04:42:13.960803Z
387,Hispanic,16519,1528,2019-01-09T04:42:13.931561Z,2019-01-09T04:42:13.960803Z
389,Hispanic,3318,1539,2019-01-09T04:42:13.931561Z,2019-01-09T04:42:13.960803Z
390,Hispanic,2524,1540,2019-01-09T04:42:13.931561Z,2019-01-09T04:42:13.960803Z
391,Hispanic,29746,1541,2019-01-09T04:42:13.931561Z,2019-01-09T04:42:13.960803Z
392,Hispanic,45438,1542,2019-01-09T04:42:13.931561Z,2019-01-09T04:42:13.960803Z
393,Hispanic,139854,1543,2019-01-09T04:42:13.931561Z,2019-01-09T04:42:13.960803Z
394,Hispanic,5806,1544,2019-01-09T04:42:13.931561Z,2019-01-09T04:42:13.960803Z
395,Hispanic,42329,1545,2019-01-09T04:42:13.931561Z,2019-01-09T04:42:13.960803Z
396,Hispanic,8118,1546,2019-01-09T04:42:13.931561Z,2019-01-09T04:42:13.960803Z
397,Hispanic,1123,1535,2019-01-09T04:42:13.931561Z,2019-01-09T04:42:13.960803Z
399,Hispanic,20025,1531,2019-01-09T04:42:13.931561Z,2019-01-09T04:42:13.960803Z
400,Hispanic,133005,1532,2019-01-09T04:42:13.931561Z,2019-01-09T04:42:13.960803Z
401,Hispanic,54039,1533,2019-01-09T04:42:13.931561Z,2019-01-09T04:42:13.960803Z
403,Hispanic,35381,1536,2019-01-09T04:42:13.931561Z,2019-01-09T04:42:13.960803Z
404,Hispanic,914,1537,2019-01-09T04:42:13.931561Z,2019-01-09T04:42:13.960803Z
405,Hispanic,73441,1548,2019-01-09T04:42:13.931561Z,2019-01-09T04:42:13.960803Z
406,Hispanic,3766,1549,2019-01-09T04:42:13.931561Z,2019-01-09T04:42:13.960803Z
407,Hispanic,94610,1550,2019-01-09T04:42:13.931561Z,2019-01-09T04:42:13.960803Z
408,Hispanic,3242,1551,2019-01-09T04:42:13.931561Z,2019-01-09T04:42:13.960803Z
409,Hispanic,1167,1534,2019-01-09T04:42:13.931561Z,2019-01-09T04:42:13.960803Z
410,Hispanic,2265,1547,2019-01-09T04:42:13.931561Z,2019-01-09T04:42:13.960803Z
